id,created_at (EDT),event_type,event_action,actor,repo
4101322302,2016-06-03T19:22:40Z,WatchEvent,started,Monsauce,mozillascience/global-sprint-2016
4100716048,2016-06-03T17:06:58Z,IssueCommentEvent,created,eugene-barsky,mozillascience/global-sprint-2016
4100467504,2016-06-03T16:11:41Z,IssueCommentEvent,created,Monsauce,mozillascience/global-sprint-2016
4100418343,2016-06-03T16:00:44Z,IssueCommentEvent,created,karanverma,mozillascience/global-sprint-2016
4100399660,2016-06-03T15:57:06Z,IssueCommentEvent,created,cbahlai,mozillascience/global-sprint-2016
4100364074,2016-06-03T15:49:50Z,IssueCommentEvent,created,KairaVillanueva,mozillascience/global-sprint-2016
4100278370,2016-06-03T15:32:47Z,PushEvent,,acabunoc,mozillascience/global-sprint-2016
4100272175,2016-06-03T15:31:35Z,IssueCommentEvent,created,Monsauce,mozillascience/global-sprint-2016
4099662099,2016-06-03T13:34:22Z,IssueCommentEvent,created,aleimba,mozillascience/global-sprint-2016
4098702009,2016-06-03T09:28:17Z,ForkEvent,,cmassimo,mozillascience/global-sprint-2016
4097663201,2016-06-03T03:12:59Z,IssueCommentEvent,created,joeyklee,mozillascience/global-sprint-2016
4097151641,2016-06-02T23:49:54Z,IssueCommentEvent,created,andrenarchy,mozillascience/global-sprint-2016
4096949937,2016-06-02T22:50:18Z,IssueCommentEvent,created,rowanc1,mozillascience/global-sprint-2016
4096946379,2016-06-02T22:49:20Z,IssueCommentEvent,created,QuLogic,mozillascience/global-sprint-2016
4096687621,2016-06-02T21:45:23Z,IssueCommentEvent,created,solstag,mozillascience/global-sprint-2016
4096589452,2016-06-02T21:23:59Z,IssueCommentEvent,created,joeyklee,mozillascience/global-sprint-2016
4096381294,2016-06-02T20:41:59Z,IssueCommentEvent,created,stephwright,mozillascience/global-sprint-2016
4096168516,2016-06-02T19:59:40Z,IssueCommentEvent,created,joeyklee,mozillascience/global-sprint-2016
4096151564,2016-06-02T19:56:27Z,IssueCommentEvent,created,joeyklee,mozillascience/global-sprint-2016
4096090554,2016-06-02T19:43:44Z,IssueCommentEvent,created,DiannaB42,mozillascience/global-sprint-2016
4096042636,2016-06-02T19:34:15Z,IssueCommentEvent,created,JGDove99,mozillascience/global-sprint-2016
4095903366,2016-06-02T19:05:45Z,IssueCommentEvent,created,jayqi,mozillascience/global-sprint-2016
4095737001,2016-06-02T18:33:13Z,IssueCommentEvent,created,rsdoiel,mozillascience/global-sprint-2016
4095718276,2016-06-02T18:29:35Z,IssueCommentEvent,created,blahah,mozillascience/global-sprint-2016
4095654808,2016-06-02T18:17:16Z,IssueCommentEvent,created,blahah,mozillascience/global-sprint-2016
4095631316,2016-06-02T18:12:42Z,IssueCommentEvent,created,JGDove99,mozillascience/global-sprint-2016
4095543500,2016-06-02T17:55:46Z,IssueCommentEvent,created,blahah,mozillascience/global-sprint-2016
4100291931,2016-06-03T15:35:25Z,PushEvent,,acabunoc,acabunoc/hackathon-live-feed
4097649781,2016-06-03T03:07:11Z,PushEvent,,acabunoc,acabunoc/hackathon-live-feed
4097309817,2016-06-03T00:45:13Z,PushEvent,,acabunoc,acabunoc/hackathon-live-feed
4096969404,2016-06-02T22:55:42Z,PushEvent,,acabunoc,acabunoc/hackathon-live-feed
4096604464,2016-06-02T21:27:13Z,PushEvent,,acabunoc,acabunoc/hackathon-live-feed
4096602753,2016-06-02T21:26:51Z,PushEvent,,acabunoc,acabunoc/hackathon-live-feed
4096272066,2016-06-02T20:20:15Z,PushEvent,,acabunoc,acabunoc/hackathon-live-feed
4096245699,2016-06-02T20:15:10Z,PushEvent,,acabunoc,acabunoc/hackathon-live-feed
4096180803,2016-06-02T20:02:01Z,PushEvent,,acabunoc,acabunoc/hackathon-live-feed
4096164878,2016-06-02T19:59:00Z,PushEvent,,acabunoc,acabunoc/hackathon-live-feed
4095962725,2016-06-02T19:17:55Z,IssuesEvent,closed,acabunoc,acabunoc/hackathon-live-feed
4095913908,2016-06-02T19:07:54Z,PushEvent,,acabunoc,acabunoc/hackathon-live-feed
4095864400,2016-06-02T18:58:27Z,PushEvent,,acabunoc,acabunoc/hackathon-live-feed
4091209677,2016-06-01T22:47:51Z,IssuesEvent,opened,acabunoc,acabunoc/hackathon-live-feed
4096209086,2016-06-02T20:07:52Z,IssueCommentEvent,created,thast,simpeg/simpeg
4096203650,2016-06-02T20:06:43Z,IssueCommentEvent,created,thast,simpeg/simpeg
4096113936,2016-06-02T19:48:33Z,IssuesEvent,opened,lheagy,simpeg/simpeg
4094464001,2016-06-02T14:41:12Z,PushEvent,,lheagy,simpeg/simpeg
4092380088,2016-06-02T06:47:52Z,PushEvent,,sgkang,simpeg/simpeg
4092115673,2016-06-02T04:54:33Z,PushEvent,,grosenkj,simpeg/simpeg
4091996448,2016-06-02T03:53:22Z,PushEvent,,grosenkj,simpeg/simpeg
4090169794,2016-06-01T19:01:16Z,PushEvent,,grosenkj,simpeg/simpeg
4089948993,2016-06-01T18:17:24Z,PushEvent,,grosenkj,simpeg/simpeg
4089948613,2016-06-01T18:17:19Z,PullRequestEvent,closed,grosenkj,simpeg/simpeg
4099153604,2016-06-03T11:24:44Z,IssuesEvent,opened,philippbayer,openSNP/snpr
4099114837,2016-06-03T11:13:38Z,IssuesEvent,closed,gedankenstuecke,openSNP/snpr
4099114833,2016-06-03T11:13:38Z,IssueCommentEvent,created,gedankenstuecke,openSNP/snpr
4099113903,2016-06-03T11:13:22Z,IssueCommentEvent,created,gedankenstuecke,openSNP/snpr
4099107363,2016-06-03T11:11:25Z,PushEvent,,philippbayer,openSNP/snpr
4099107323,2016-06-03T11:11:25Z,PullRequestEvent,closed,philippbayer,openSNP/snpr
4099107137,2016-06-03T11:11:22Z,IssueCommentEvent,created,philippbayer,openSNP/snpr
4099085460,2016-06-03T11:05:14Z,PushEvent,,philippbayer,openSNP/snpr
4099085419,2016-06-03T11:05:12Z,PullRequestEvent,closed,philippbayer,openSNP/snpr
4098833553,2016-06-03T09:59:04Z,PullRequestEvent,opened,gedankenstuecke,openSNP/snpr
4098832869,2016-06-03T09:58:54Z,CreateEvent,,gedankenstuecke,openSNP/snpr
4098497662,2016-06-03T08:38:31Z,PushEvent,,gedankenstuecke,openSNP/snpr
4098497644,2016-06-03T08:38:31Z,PullRequestEvent,closed,gedankenstuecke,openSNP/snpr
4098497412,2016-06-03T08:38:27Z,IssueCommentEvent,created,gedankenstuecke,openSNP/snpr
4098379187,2016-06-03T08:07:22Z,PullRequestEvent,opened,philippbayer,openSNP/snpr
4098207415,2016-06-03T07:15:07Z,IssueCommentEvent,created,gedankenstuecke,openSNP/snpr
4098205432,2016-06-03T07:14:30Z,PushEvent,,gedankenstuecke,openSNP/snpr
4098061369,2016-06-03T06:22:16Z,PullRequestReviewCommentEvent,created,houndci-bot,openSNP/snpr
4097622175,2016-06-03T02:55:03Z,PushEvent,,philippbayer,openSNP/snpr
4097622156,2016-06-03T02:55:02Z,IssuesEvent,closed,philippbayer,openSNP/snpr
4097622135,2016-06-03T02:55:02Z,PullRequestEvent,closed,philippbayer,openSNP/snpr
4097621655,2016-06-03T02:54:49Z,IssueCommentEvent,created,philippbayer,openSNP/snpr
4097617196,2016-06-03T02:52:42Z,PullRequestEvent,opened,SXibolet,openSNP/snpr
4097613397,2016-06-03T02:50:58Z,PullRequestEvent,closed,SXibolet,openSNP/snpr
4097608574,2016-06-03T02:48:45Z,IssueCommentEvent,created,SXibolet,openSNP/snpr
4097606251,2016-06-03T02:47:44Z,IssueCommentEvent,created,philippbayer,openSNP/snpr
4097601370,2016-06-03T02:45:32Z,PullRequestEvent,opened,SXibolet,openSNP/snpr
4097419683,2016-06-03T01:27:53Z,IssueCommentEvent,created,philippbayer,openSNP/snpr
4097155654,2016-06-02T23:50:57Z,IssueCommentEvent,created,gedankenstuecke,openSNP/snpr
4100429921,2016-06-03T16:03:11Z,PushEvent,,anaderi,everware/everware
4100429883,2016-06-03T16:03:11Z,PullRequestEvent,closed,anaderi,everware/everware
4100417911,2016-06-03T16:00:40Z,IssueCommentEvent,created,ibab,everware/everware
4100158245,2016-06-03T15:09:45Z,ForkEvent,,Tehada,everware/everware
4100101841,2016-06-03T14:59:37Z,IssuesEvent,opened,RaoOfPhysics,everware/everware
4100084984,2016-06-03T14:56:34Z,PullRequestEvent,opened,ibab,everware/everware
4100057994,2016-06-03T14:51:31Z,ForkEvent,,RaoOfPhysics,everware/everware
4098800362,2016-06-03T09:51:19Z,IssueCommentEvent,created,ibab,everware/everware
4098377499,2016-06-03T08:06:52Z,IssueCommentEvent,created,betatim,everware/everware
4096106350,2016-06-02T19:46:57Z,PushEvent,,ibab,everware/everware
4096106253,2016-06-02T19:46:56Z,PullRequestEvent,closed,ibab,everware/everware
4096105415,2016-06-02T19:46:46Z,IssueCommentEvent,created,ibab,everware/everware
4094999314,2016-06-02T16:10:54Z,IssueCommentEvent,created,KonstantinSchubert,everware/everware
4094542552,2016-06-02T14:54:29Z,PullRequestEvent,opened,KonstantinSchubert,everware/everware
4094514620,2016-06-02T14:49:48Z,IssueCommentEvent,created,betatim,everware/everware
4094392887,2016-06-02T14:29:11Z,ForkEvent,,KonstantinSchubert,everware/everware
4094366360,2016-06-02T14:24:39Z,ForkEvent,,mickypaganini,everware/everware
4094135742,2016-06-02T13:44:14Z,IssueCommentEvent,created,betatim,everware/everware
4094017423,2016-06-02T13:22:34Z,IssueCommentEvent,created,anaderi,everware/everware
4093863765,2016-06-02T12:51:15Z,GollumEvent,,KonstantinSchubert,everware/everware
4101343535,2016-06-03T19:27:45Z,IssueCommentEvent,created,aays,goyalsid/phageParser
4101336512,2016-06-03T19:26:03Z,IssueCommentEvent,created,mbonsma,goyalsid/phageParser
4101124169,2016-06-03T18:38:00Z,IssueCommentEvent,created,mbonsma,goyalsid/phageParser
4101123959,2016-06-03T18:37:58Z,PushEvent,,mbonsma,goyalsid/phageParser
4101123905,2016-06-03T18:37:57Z,PullRequestEvent,closed,mbonsma,goyalsid/phageParser
4101115873,2016-06-03T18:36:14Z,PullRequestEvent,opened,sina-sed,goyalsid/phageParser
4100916112,2016-06-03T17:52:50Z,IssueCommentEvent,created,mbonsma,goyalsid/phageParser
4100314505,2016-06-03T15:40:02Z,IssueCommentEvent,created,mbonsma,goyalsid/phageParser
4100311202,2016-06-03T15:39:24Z,IssueCommentEvent,created,mbonsma,goyalsid/phageParser
4100304248,2016-06-03T15:37:57Z,IssueCommentEvent,created,mbonsma,goyalsid/phageParser
4100279125,2016-06-03T15:32:56Z,IssueCommentEvent,created,aays,goyalsid/phageParser
4100061892,2016-06-03T14:52:16Z,IssueCommentEvent,created,mbonsma,goyalsid/phageParser
4100060058,2016-06-03T14:51:54Z,IssuesEvent,opened,mbonsma,goyalsid/phageParser
4099267253,2016-06-03T11:56:38Z,IssueCommentEvent,created,mbonsma,goyalsid/phageParser
4099263196,2016-06-03T11:55:30Z,PushEvent,,mbonsma,goyalsid/phageParser
4099263111,2016-06-03T11:55:29Z,PullRequestEvent,closed,mbonsma,goyalsid/phageParser
4099262847,2016-06-03T11:55:25Z,PullRequestEvent,opened,mbonsma,goyalsid/phageParser
4097699069,2016-06-03T03:28:22Z,ForkEvent,,aswin5,goyalsid/phageParser
4097569516,2016-06-03T02:31:20Z,IssuesEvent,closed,mbonsma,goyalsid/phageParser
4100356587,2016-06-03T15:48:21Z,IssuesEvent,closed,RobSullivan,RobSullivan/pmc-ref
4100356405,2016-06-03T15:48:19Z,IssueCommentEvent,created,RobSullivan,RobSullivan/pmc-ref
4100345074,2016-06-03T15:46:00Z,PushEvent,,RobSullivan,RobSullivan/pmc-ref
4100344765,2016-06-03T15:45:56Z,PullRequestEvent,closed,RobSullivan,RobSullivan/pmc-ref
4100337026,2016-06-03T15:44:26Z,IssueCommentEvent,created,RobSullivan,RobSullivan/pmc-ref
4100187554,2016-06-03T15:15:16Z,IssueCommentEvent,created,Deborah-Digges,RobSullivan/pmc-ref
4100182813,2016-06-03T15:14:20Z,PullRequestEvent,opened,Deborah-Digges,RobSullivan/pmc-ref
4100167155,2016-06-03T15:11:20Z,ForkEvent,,Deborah-Digges,RobSullivan/pmc-ref
4100165725,2016-06-03T15:11:06Z,IssueCommentEvent,created,Deborah-Digges,RobSullivan/pmc-ref
4099414951,2016-06-03T12:37:02Z,IssueCommentEvent,created,RobSullivan,RobSullivan/pmc-ref
4099411186,2016-06-03T12:36:03Z,IssueCommentEvent,created,RobSullivan,RobSullivan/pmc-ref
4099407150,2016-06-03T12:34:58Z,IssueCommentEvent,created,RobSullivan,RobSullivan/pmc-ref
4099393302,2016-06-03T12:31:23Z,IssueCommentEvent,created,RobSullivan,RobSullivan/pmc-ref
4099392658,2016-06-03T12:31:13Z,IssuesEvent,closed,RobSullivan,RobSullivan/pmc-ref
4099034975,2016-06-03T10:51:10Z,ForkEvent,,rjsullivan,RobSullivan/pmc-ref
4098350592,2016-06-03T07:59:06Z,IssuesEvent,closed,RobSullivan,RobSullivan/pmc-ref
4098350589,2016-06-03T07:59:06Z,IssueCommentEvent,created,RobSullivan,RobSullivan/pmc-ref
4098328044,2016-06-03T07:52:20Z,IssuesEvent,closed,RobSullivan,RobSullivan/pmc-ref
4098328041,2016-06-03T07:52:20Z,IssueCommentEvent,created,RobSullivan,RobSullivan/pmc-ref
4101448441,2016-06-03T19:52:26Z,IssueCommentEvent,created,mmarcello,mozillascience/open-data-training
4101394326,2016-06-03T19:39:45Z,IssueCommentEvent,created,zee-moz,mozillascience/open-data-training
4101254078,2016-06-03T19:06:33Z,IssueCommentEvent,created,JEK-III,mozillascience/open-data-training
4101227160,2016-06-03T19:00:29Z,IssueCommentEvent,created,mmarcello,mozillascience/open-data-training
4101147821,2016-06-03T18:43:11Z,PushEvent,,stephwright,mozillascience/open-data-training
4101131912,2016-06-03T18:39:42Z,IssueCommentEvent,created,stephwright,mozillascience/open-data-training
4100429577,2016-06-03T16:03:08Z,IssueCommentEvent,created,zbouslama,mozillascience/open-data-training
4100344880,2016-06-03T15:45:58Z,IssueCommentEvent,created,Siwar-BLK,mozillascience/open-data-training
4099951467,2016-06-03T14:31:49Z,IssueCommentEvent,created,amelgh,mozillascience/open-data-training
4099891455,2016-06-03T14:20:25Z,IssueCommentEvent,created,Dhaferl,mozillascience/open-data-training
4099721911,2016-06-03T13:47:04Z,IssueCommentEvent,created,amelgh,mozillascience/open-data-training
4099116625,2016-06-03T11:14:09Z,IssueCommentEvent,created,amelgh,mozillascience/open-data-training
4099068432,2016-06-03T11:00:29Z,IssueCommentEvent,created,FatmaZG,mozillascience/open-data-training
4096593955,2016-06-02T21:24:58Z,ForkEvent,,JEK-III,mozillascience/open-data-training
4096334605,2016-06-02T20:32:32Z,IssueCommentEvent,created,stephwright,mozillascience/open-data-training
4096216343,2016-06-02T20:09:22Z,IssueCommentEvent,created,stephwright,mozillascience/open-data-training
4096184023,2016-06-02T20:02:39Z,IssueCommentEvent,created,zee-moz,mozillascience/open-data-training
4095565987,2016-06-02T18:00:05Z,IssueCommentEvent,created,stephwright,mozillascience/open-data-training
4095552410,2016-06-02T17:57:27Z,IssuesEvent,opened,stephwright,mozillascience/open-data-training
4095524800,2016-06-02T17:52:08Z,PushEvent,,stephwright,mozillascience/open-data-training
4095450715,2016-06-02T17:37:46Z,IssueCommentEvent,created,zee-moz,mozillascience/open-data-training
4094361650,2016-06-02T14:23:50Z,WatchEvent,started,mmarcello,mozillascience/open-data-training
4094357909,2016-06-02T14:23:13Z,IssueCommentEvent,created,mmarcello,mozillascience/open-data-training
4094260113,2016-06-02T14:06:26Z,IssueCommentEvent,created,FatmaZG,mozillascience/open-data-training
4094187952,2016-06-02T13:53:35Z,IssueCommentEvent,created,amelgh,mozillascience/open-data-training
4093608778,2016-06-02T11:51:15Z,IssueCommentEvent,created,zbouslama,mozillascience/open-data-training
4100752979,2016-06-03T17:15:27Z,IssueCommentEvent,created,geeeeeeeeek,mozillascience/PaperBadger
4100701915,2016-06-03T17:03:39Z,IssueCommentEvent,created,josmas,mozillascience/PaperBadger
4100659815,2016-06-03T16:54:06Z,PushEvent,,josmas,mozillascience/PaperBadger
4100636514,2016-06-03T16:48:47Z,IssueCommentEvent,created,geeeeeeeeek,mozillascience/PaperBadger
4100612744,2016-06-03T16:43:26Z,IssueCommentEvent,created,geeeeeeeeek,mozillascience/PaperBadger
4100605066,2016-06-03T16:41:40Z,IssueCommentEvent,created,josmas,mozillascience/PaperBadger
4100524994,2016-06-03T16:24:06Z,IssueCommentEvent,created,Alicole,mozillascience/PaperBadger
4100488312,2016-06-03T16:16:23Z,IssueCommentEvent,created,acabunoc,mozillascience/PaperBadger
4100480818,2016-06-03T16:14:51Z,IssueCommentEvent,created,Alicole,mozillascience/PaperBadger
4100468181,2016-06-03T16:11:53Z,IssueCommentEvent,created,acabunoc,mozillascience/PaperBadger
4100461686,2016-06-03T16:10:19Z,PushEvent,,josmas,mozillascience/PaperBadger
4100461676,2016-06-03T16:10:19Z,PullRequestEvent,closed,josmas,mozillascience/PaperBadger
4092322253,2016-06-02T06:28:06Z,GollumEvent,,demitri,trillian/trillian
4092320297,2016-06-02T06:27:19Z,GollumEvent,,demitri,trillian/trillian
4100941558,2016-06-03T17:58:16Z,PushEvent,,brian-bot,brian-bot/githubr
4100919094,2016-06-03T17:53:31Z,PushEvent,,brian-bot,brian-bot/githubr
4100888998,2016-06-03T17:46:38Z,PushEvent,,brian-bot,brian-bot/githubr
4096893823,2016-06-02T22:35:16Z,PushEvent,,brian-bot,brian-bot/githubr
4096813174,2016-06-02T22:14:33Z,IssuesEvent,closed,brian-bot,brian-bot/githubr
4096813167,2016-06-02T22:14:33Z,IssueCommentEvent,created,brian-bot,brian-bot/githubr
4096800009,2016-06-02T22:11:24Z,IssuesEvent,opened,brian-bot,brian-bot/githubr
4096799080,2016-06-02T22:11:11Z,IssuesEvent,opened,brian-bot,brian-bot/githubr
4096797479,2016-06-02T22:10:59Z,IssuesEvent,opened,brian-bot,brian-bot/githubr
4096796814,2016-06-02T22:10:40Z,IssuesEvent,opened,brian-bot,brian-bot/githubr
4096795713,2016-06-02T22:10:24Z,IssuesEvent,opened,brian-bot,brian-bot/githubr
4096795277,2016-06-02T22:10:17Z,IssuesEvent,opened,brian-bot,brian-bot/githubr
4096793703,2016-06-02T22:09:56Z,IssuesEvent,opened,brian-bot,brian-bot/githubr
4096793130,2016-06-02T22:09:47Z,IssuesEvent,opened,brian-bot,brian-bot/githubr
4096791435,2016-06-02T22:09:21Z,IssuesEvent,opened,brian-bot,brian-bot/githubr
4096790751,2016-06-02T22:09:11Z,IssuesEvent,opened,brian-bot,brian-bot/githubr
4096787259,2016-06-02T22:08:20Z,IssuesEvent,opened,brian-bot,brian-bot/githubr
4096786028,2016-06-02T22:08:01Z,IssuesEvent,opened,brian-bot,brian-bot/githubr
4096416861,2016-06-02T20:48:59Z,PushEvent,,brian-bot,brian-bot/githubr
4095938140,2016-06-02T19:12:51Z,PushEvent,,brian-bot,brian-bot/githubr
4094320496,2016-06-02T14:16:50Z,WatchEvent,started,davesteps,brian-bot/githubr
4093379356,2016-06-02T10:51:59Z,WatchEvent,started,Pakillo,brian-bot/githubr
4098021098,2016-06-03T06:05:17Z,WatchEvent,started,edwinksl,binder-project/binder
4090829175,2016-06-01T21:17:23Z,PushEvent,,chreman,ContentMine/visualizations
4090829148,2016-06-01T21:17:23Z,PullRequestEvent,closed,chreman,ContentMine/visualizations
4090827982,2016-06-01T21:17:10Z,PullRequestEvent,opened,chreman,ContentMine/visualizations
4101466298,2016-06-03T19:56:42Z,IssueCommentEvent,created,cmdcolin,cytoscape/cytosnap
4101452518,2016-06-03T19:53:24Z,PullRequestEvent,opened,cmdcolin,cytoscape/cytosnap
4101442285,2016-06-03T19:50:56Z,ForkEvent,,cmdcolin,cytoscape/cytosnap
4101072439,2016-06-03T18:26:44Z,PushEvent,,maxkfranz,cytoscape/cytosnap
4101015500,2016-06-03T18:14:21Z,CreateEvent,,maxkfranz,cytoscape/cytosnap
4101011739,2016-06-03T18:13:33Z,IssuesEvent,closed,maxkfranz,cytoscape/cytosnap
4101011737,2016-06-03T18:13:33Z,IssuesEvent,closed,maxkfranz,cytoscape/cytosnap
4101005713,2016-06-03T18:12:14Z,PushEvent,,maxkfranz,cytoscape/cytosnap
4100446760,2016-06-03T16:07:01Z,IssuesEvent,opened,maxkfranz,cytoscape/cytosnap
4100222884,2016-06-03T15:21:59Z,IssueCommentEvent,created,maxkfranz,cytoscape/cytosnap
4100222883,2016-06-03T15:21:59Z,IssuesEvent,closed,maxkfranz,cytoscape/cytosnap
4099759213,2016-06-03T13:54:30Z,ForkEvent,,Treblesteph,cytoscape/cytosnap
4099211153,2016-06-03T11:41:23Z,IssuesEvent,closed,msaunby,cytoscape/cytosnap
4099211151,2016-06-03T11:41:23Z,IssueCommentEvent,created,msaunby,cytoscape/cytosnap
4098701807,2016-06-03T09:28:15Z,IssuesEvent,opened,msaunby,cytoscape/cytosnap
4096755679,2016-06-02T22:00:51Z,IssuesEvent,opened,maxkfranz,cytoscape/cytosnap
4095968914,2016-06-02T19:19:13Z,WatchEvent,started,gauravgrover95,cytoscape/cytosnap-demo
4094259059,2016-06-02T14:06:08Z,CreateEvent,,maxkfranz,cytoscape/cytosnap-demo
4094258972,2016-06-02T14:06:07Z,CreateEvent,,maxkfranz,cytoscape/cytosnap-demo
4100298735,2016-06-03T15:36:47Z,CreateEvent,,mandar2812,mandar2812/DynaML
4100298731,2016-06-03T15:36:47Z,ReleaseEvent,published,mandar2812,mandar2812/DynaML
4100209768,2016-06-03T15:19:29Z,PushEvent,,mandar2812,mandar2812/DynaML
4094228091,2016-06-02T14:00:37Z,WatchEvent,started,mtekp,mandar2812/DynaML
4091474214,2016-06-02T00:11:43Z,CreateEvent,,mandar2812,mandar2812/DynaML
4091474200,2016-06-02T00:11:43Z,ReleaseEvent,published,mandar2812,mandar2812/DynaML
4091471916,2016-06-02T00:10:51Z,PushEvent,,mandar2812,mandar2812/DynaML
4091398341,2016-06-01T23:45:40Z,PushEvent,,mandar2812,mandar2812/DynaML
4091295752,2016-06-01T23:12:33Z,IssuesEvent,opened,mandar2812,mandar2812/DynaML
4091087748,2016-06-01T22:15:14Z,IssuesEvent,opened,mandar2812,mandar2812/DynaML
4100520391,2016-06-03T16:23:05Z,WatchEvent,started,dschwilk,annakrystalli/rmacroRDM
4098489140,2016-06-03T08:36:18Z,IssuesEvent,opened,annakrystalli,annakrystalli/rmacroRDM
4098325766,2016-06-03T07:51:35Z,IssueCommentEvent,created,annakrystalli,annakrystalli/rmacroRDM
4098324911,2016-06-03T07:51:20Z,PushEvent,,annakrystalli,annakrystalli/rmacroRDM
4098324864,2016-06-03T07:51:19Z,PullRequestEvent,closed,annakrystalli,annakrystalli/rmacroRDM
4097342603,2016-06-03T00:57:40Z,WatchEvent,started,dfalster,annakrystalli/rmacroRDM
4096891416,2016-06-02T22:34:39Z,WatchEvent,started,pboesu,annakrystalli/rmacroRDM
4096099922,2016-06-02T19:45:39Z,PullRequestEvent,opened,ethanwhite,annakrystalli/rmacroRDM
4094160497,2016-06-02T13:48:32Z,PushEvent,,annakrystalli,annakrystalli/rmacroRDM
4094160383,2016-06-02T13:48:31Z,PullRequestEvent,closed,annakrystalli,annakrystalli/rmacroRDM
4094160003,2016-06-02T13:48:27Z,IssueCommentEvent,created,annakrystalli,annakrystalli/rmacroRDM
4094066217,2016-06-02T13:31:48Z,PullRequestEvent,opened,ethanwhite,annakrystalli/rmacroRDM
4093945880,2016-06-02T13:08:13Z,ForkEvent,,ethanwhite,annakrystalli/rmacroRDM
4093532976,2016-06-02T11:31:42Z,IssueCommentEvent,created,annakrystalli,annakrystalli/rmacroRDM
4093367494,2016-06-02T10:48:59Z,WatchEvent,started,Pakillo,annakrystalli/rmacroRDM
4093300149,2016-06-02T10:32:10Z,WatchEvent,started,blahah,annakrystalli/rmacroRDM
4093023027,2016-06-02T09:30:17Z,WatchEvent,started,tdjames1,annakrystalli/rmacroRDM
4092974292,2016-06-02T09:19:24Z,IssueCommentEvent,created,tdjames1,annakrystalli/rmacroRDM
4100089618,2016-06-03T14:57:28Z,PushEvent,,RaoOfPhysics,OpenCosmics/opencosmics.github.io
4100089578,2016-06-03T14:57:28Z,PullRequestEvent,closed,RaoOfPhysics,OpenCosmics/opencosmics.github.io
4100088170,2016-06-03T14:57:12Z,IssueCommentEvent,created,RaoOfPhysics,OpenCosmics/opencosmics.github.io
4100015925,2016-06-03T14:43:45Z,PullRequestEvent,opened,tanah,OpenCosmics/opencosmics.github.io
4099032141,2016-06-03T10:50:19Z,IssuesEvent,closed,RaoOfPhysics,OpenCosmics/opencosmics.github.io
4099031258,2016-06-03T10:50:04Z,IssueCommentEvent,created,RaoOfPhysics,OpenCosmics/opencosmics.github.io
4099030513,2016-06-03T10:49:52Z,PushEvent,,RaoOfPhysics,OpenCosmics/opencosmics.github.io
4099030492,2016-06-03T10:49:51Z,PullRequestEvent,closed,RaoOfPhysics,OpenCosmics/opencosmics.github.io
4099030152,2016-06-03T10:49:46Z,IssueCommentEvent,created,RaoOfPhysics,OpenCosmics/opencosmics.github.io
4098997950,2016-06-03T10:40:45Z,PullRequestEvent,opened,tanah,OpenCosmics/opencosmics.github.io
4098770830,2016-06-03T09:44:20Z,ForkEvent,,tanah,OpenCosmics/opencosmics.github.io
4098752841,2016-06-03T09:40:11Z,IssueCommentEvent,created,Tontonis,OpenCosmics/opencosmics.github.io
4094860810,2016-06-02T15:47:45Z,IssueCommentEvent,created,RaoOfPhysics,OpenCosmics/opencosmics.github.io
4094858789,2016-06-02T15:47:25Z,IssuesEvent,opened,RaoOfPhysics,OpenCosmics/opencosmics.github.io
4094415043,2016-06-02T14:32:56Z,IssueCommentEvent,created,tpmccauley,OpenCosmics/opencosmics.github.io
4094341677,2016-06-02T14:20:28Z,IssueCommentEvent,created,RaoOfPhysics,OpenCosmics/opencosmics.github.io
4094333105,2016-06-02T14:19:01Z,IssueCommentEvent,created,tanah,OpenCosmics/opencosmics.github.io
4094260409,2016-06-02T14:06:27Z,IssueCommentEvent,created,RaoOfPhysics,OpenCosmics/opencosmics.github.io
4094251990,2016-06-02T14:04:51Z,IssueCommentEvent,created,RaoOfPhysics,OpenCosmics/opencosmics.github.io
4094242335,2016-06-02T14:03:07Z,IssueCommentEvent,created,tanah,OpenCosmics/opencosmics.github.io
4093000451,2016-06-02T09:25:18Z,IssueCommentEvent,created,153957,OpenCosmics/opencosmics.github.io
4092793326,2016-06-02T08:37:50Z,WatchEvent,started,tomkooij,OpenCosmics/opencosmics.github.io
4092501595,2016-06-02T07:23:40Z,ForkEvent,,AnxhelaDani,OpenCosmics/opencosmics.github.io
4090921766,2016-06-01T21:37:21Z,IssueCommentEvent,created,ozel,OpenCosmics/opencosmics.github.io
4090516656,2016-06-01T20:13:24Z,IssueCommentEvent,created,Tontonis,OpenCosmics/opencosmics.github.io
4099088475,2016-06-03T11:06:02Z,IssuesEvent,opened,michielcock,data-lessons/library-data-intro
4098268427,2016-06-03T07:33:25Z,PushEvent,,cmacdonell,data-lessons/library-data-intro
4098113513,2016-06-03T06:42:53Z,CreateEvent,,weaverbel,data-lessons/library-data-intro
4098038089,2016-06-03T06:12:44Z,IssueCommentEvent,created,weaverbel,data-lessons/library-data-intro
4097563530,2016-06-03T02:28:44Z,PushEvent,,weaverbel,data-lessons/library-data-intro
4097560864,2016-06-03T02:27:28Z,PushEvent,,weaverbel,data-lessons/library-data-intro
4097470272,2016-06-03T01:48:29Z,IssueCommentEvent,created,clintonroy,data-lessons/library-data-intro
4097462938,2016-06-03T01:45:24Z,IssueCommentEvent,created,clintonroy,data-lessons/library-data-intro
4097270701,2016-06-03T00:30:47Z,IssueCommentEvent,created,ccronje,data-lessons/library-data-intro
4095118445,2016-06-02T16:33:23Z,IssueCommentEvent,created,pitviper6,data-lessons/library-data-intro
4094980754,2016-06-02T16:07:43Z,IssueCommentEvent,created,pitviper6,data-lessons/library-data-intro
4098842011,2016-06-03T10:00:53Z,PullRequestEvent,closed,mkuzak,data-lessons/librarycarpentry
4098841985,2016-06-03T10:00:53Z,IssueCommentEvent,created,mkuzak,data-lessons/librarycarpentry
4098785071,2016-06-03T09:47:41Z,IssueCommentEvent,created,weaverbel,data-lessons/librarycarpentry
4094202965,2016-06-02T13:56:14Z,PushEvent,,drjwbaker,data-lessons/librarycarpentry
4094202907,2016-06-02T13:56:14Z,PullRequestEvent,closed,drjwbaker,data-lessons/librarycarpentry
4094169046,2016-06-02T13:50:09Z,PullRequestEvent,opened,davanstrien,data-lessons/librarycarpentry
4094111415,2016-06-02T13:39:39Z,ForkEvent,,davanstrien,data-lessons/librarycarpentry
4093465595,2016-06-02T11:14:11Z,IssuesEvent,opened,chStaiger,data-lessons/librarycarpentry
4092840429,2016-06-02T08:48:57Z,PullRequestEvent,opened,chStaiger,data-lessons/librarycarpentry
4092760592,2016-06-02T08:29:52Z,ForkEvent,,chStaiger,data-lessons/librarycarpentry
4091669997,2016-06-02T01:27:44Z,ForkEvent,,ccronje,data-lessons/librarycarpentry
4097313164,2016-06-03T00:46:31Z,ForkEvent,,michaellevy,data-lessons/gapminder-R
4099970010,2016-06-03T14:35:20Z,IssueCommentEvent,created,c-martinez,data-lessons/library-sql
4099967278,2016-06-03T14:34:47Z,PullRequestEvent,opened,c-martinez,data-lessons/library-sql
4099813194,2016-06-03T14:05:16Z,PushEvent,,mkuzak,data-lessons/library-sql
4099706008,2016-06-03T13:43:43Z,PushEvent,,mkuzak,data-lessons/library-sql
4099644559,2016-06-03T13:30:30Z,IssuesEvent,opened,mpfl,data-lessons/library-sql
4099614855,2016-06-03T13:23:57Z,PushEvent,,mkuzak,data-lessons/library-sql
4099553341,2016-06-03T13:10:11Z,PushEvent,,mkuzak,data-lessons/library-sql
4099439330,2016-06-03T12:43:16Z,IssueCommentEvent,created,michielcock,data-lessons/library-sql
4099431763,2016-06-03T12:41:19Z,PushEvent,,mkuzak,data-lessons/library-sql
4099399768,2016-06-03T12:33:06Z,IssuesEvent,opened,c-martinez,data-lessons/library-sql
4099371358,2016-06-03T12:25:32Z,PushEvent,,mkuzak,data-lessons/library-sql
4099260700,2016-06-03T11:54:54Z,CommitCommentEvent,,c-martinez,data-lessons/library-sql
4099235998,2016-06-03T11:48:28Z,PushEvent,,mkuzak,data-lessons/library-sql
4099135698,2016-06-03T11:19:23Z,PullRequestEvent,closed,mkuzak,data-lessons/library-sql
4099135693,2016-06-03T11:19:23Z,PushEvent,,mkuzak,data-lessons/library-sql
4099135669,2016-06-03T11:19:23Z,IssuesEvent,closed,mkuzak,data-lessons/library-sql
4099135330,2016-06-03T11:19:18Z,IssueCommentEvent,created,mkuzak,data-lessons/library-sql
4099114888,2016-06-03T11:13:38Z,PullRequestEvent,opened,c-martinez,data-lessons/library-sql
4098785141,2016-06-03T09:47:42Z,IssuesEvent,opened,michielcock,data-lessons/library-sql
4098703312,2016-06-03T09:28:34Z,IssuesEvent,opened,michielcock,data-lessons/library-sql
4098695641,2016-06-03T09:26:46Z,IssueCommentEvent,created,c-martinez,data-lessons/library-sql
4098671501,2016-06-03T09:21:08Z,IssuesEvent,opened,michielcock,data-lessons/library-sql
4098642209,2016-06-03T09:14:19Z,PushEvent,,weaverbel,data-lessons/library-sql
4098642135,2016-06-03T09:14:19Z,PullRequestEvent,closed,weaverbel,data-lessons/library-sql
4098622206,2016-06-03T09:09:34Z,PullRequestEvent,opened,michielcock,data-lessons/library-sql
4098603042,2016-06-03T09:04:55Z,ForkEvent,,michielcock,data-lessons/library-sql
4098508309,2016-06-03T08:41:16Z,PushEvent,,mkuzak,data-lessons/library-sql
4098508293,2016-06-03T08:41:16Z,PullRequestEvent,closed,mkuzak,data-lessons/library-sql
4098507920,2016-06-03T08:41:11Z,IssueCommentEvent,created,mkuzak,data-lessons/library-sql
4098289631,2016-06-03T07:40:16Z,PushEvent,,cmacdonell,data-lessons/library-sql
4100621112,2016-06-03T16:45:15Z,ForkEvent,,pitviper6,data-lessons/library-openrefine
4100428381,2016-06-03T16:02:51Z,IssueCommentEvent,created,ostephens,data-lessons/library-openrefine
4100412523,2016-06-03T15:59:40Z,IssueCommentEvent,created,ostephens,data-lessons/library-openrefine
4100405534,2016-06-03T15:58:17Z,IssueCommentEvent,created,ostephens,data-lessons/library-openrefine
4100387569,2016-06-03T15:54:42Z,IssueCommentEvent,created,ostephens,data-lessons/library-openrefine
4100383272,2016-06-03T15:53:47Z,IssueCommentEvent,created,ostephens,data-lessons/library-openrefine
4100360136,2016-06-03T15:49:05Z,PushEvent,,cmacdonell,data-lessons/library-openrefine
4100359562,2016-06-03T15:49:02Z,PullRequestEvent,closed,cmacdonell,data-lessons/library-openrefine
4100356561,2016-06-03T15:48:21Z,PullRequestEvent,opened,ostephens,data-lessons/library-openrefine
4100333930,2016-06-03T15:43:52Z,PushEvent,,cmacdonell,data-lessons/library-openrefine
4100279635,2016-06-03T15:33:04Z,PushEvent,,cmacdonell,data-lessons/library-openrefine
4100211149,2016-06-03T15:19:46Z,ForkEvent,,cmacdonell,data-lessons/library-openrefine
4100206777,2016-06-03T15:18:54Z,PushEvent,,cmacdonell,data-lessons/library-openrefine
4100117625,2016-06-03T15:02:22Z,PushEvent,,cmacdonell,data-lessons/library-openrefine
4100384693,2016-06-03T15:54:05Z,PullRequestEvent,opened,jezcope,data-lessons/library-git
4099235826,2016-06-03T11:48:25Z,IssueCommentEvent,created,michielcock,data-lessons/library-git
4098763123,2016-06-03T09:42:33Z,IssuesEvent,opened,jezcope,data-lessons/library-git
4098573456,2016-06-03T08:57:40Z,IssuesEvent,opened,jezcope,data-lessons/library-git
4098556276,2016-06-03T08:53:21Z,IssueCommentEvent,created,auremoser,data-lessons/library-git
4098485922,2016-06-03T08:35:27Z,IssueCommentEvent,created,jezcope,data-lessons/library-git
4098422193,2016-06-03T08:18:42Z,WatchEvent,started,jezcope,data-lessons/library-git
4098407211,2016-06-03T08:15:06Z,IssueCommentEvent,created,jezcope,data-lessons/library-git
4098292048,2016-06-03T07:41:02Z,IssueCommentEvent,created,auremoser,data-lessons/library-git
4098193090,2016-06-03T07:10:34Z,PushEvent,,cmacdonell,data-lessons/library-git
4098111431,2016-06-03T06:42:07Z,CreateEvent,,weaverbel,data-lessons/library-git
4098101138,2016-06-03T06:38:18Z,IssueCommentEvent,created,njsimons,data-lessons/library-git
4097972447,2016-06-03T05:44:19Z,ForkEvent,,cmacdonell,data-lessons/library-git
4097960802,2016-06-03T05:38:55Z,PushEvent,,weaverbel,data-lessons/library-git
4097911126,2016-06-03T05:14:32Z,IssueCommentEvent,created,cmacdonell,data-lessons/library-git
4097897051,2016-06-03T05:07:31Z,IssueCommentEvent,created,weaverbel,data-lessons/library-git
4097855735,2016-06-03T04:45:34Z,PushEvent,,weaverbel,data-lessons/library-git
4097851499,2016-06-03T04:43:22Z,PushEvent,,weaverbel,data-lessons/library-git
4097841482,2016-06-03T04:37:49Z,IssueCommentEvent,created,weaverbel,data-lessons/library-git
4097826307,2016-06-03T04:29:33Z,IssueCommentEvent,created,auremoser,data-lessons/library-git
4100057891,2016-06-03T14:51:29Z,PushEvent,,cmacdonell,data-lessons/library-shell
4100001073,2016-06-03T14:41:06Z,PushEvent,,mkuzak,data-lessons/library-shell
4099199931,2016-06-03T11:38:08Z,IssuesEvent,opened,michielcock,data-lessons/library-shell
4098114378,2016-06-03T06:43:14Z,CreateEvent,,weaverbel,data-lessons/library-shell
4097253274,2016-06-03T00:24:28Z,IssueCommentEvent,created,weaverbel,data-lessons/library-shell
4097248390,2016-06-03T00:22:33Z,PushEvent,,weaverbel,data-lessons/library-shell
4097248352,2016-06-03T00:22:32Z,PullRequestEvent,closed,weaverbel,data-lessons/library-shell
4097240042,2016-06-03T00:19:29Z,PushEvent,,weaverbel,data-lessons/library-shell
4097240017,2016-06-03T00:19:28Z,PullRequestEvent,closed,weaverbel,data-lessons/library-shell
4092299894,2016-06-02T06:19:09Z,IssuesEvent,opened,ccronje,data-lessons/library-shell
4092251411,2016-06-02T05:59:36Z,PullRequestEvent,opened,ccronje,data-lessons/library-shell
4092127178,2016-06-02T05:00:16Z,PullRequestEvent,opened,ccronje,data-lessons/library-shell
4092007303,2016-06-02T03:59:02Z,PushEvent,,weaverbel,data-lessons/library-shell
4092007288,2016-06-02T03:59:01Z,PullRequestEvent,closed,weaverbel,data-lessons/library-shell
4092003667,2016-06-02T03:57:07Z,PushEvent,,weaverbel,data-lessons/library-shell
4091999207,2016-06-02T03:54:53Z,PullRequestEvent,opened,ccronje,data-lessons/library-shell
4091996825,2016-06-02T03:53:35Z,PushEvent,,weaverbel,data-lessons/library-shell
4091996820,2016-06-02T03:53:34Z,PullRequestEvent,closed,weaverbel,data-lessons/library-shell
4091993852,2016-06-02T03:52:06Z,PushEvent,,weaverbel,data-lessons/library-shell
4091993841,2016-06-02T03:52:05Z,PullRequestEvent,closed,weaverbel,data-lessons/library-shell
4091868753,2016-06-02T02:54:15Z,PullRequestEvent,opened,ccronje,data-lessons/library-shell
4091789891,2016-06-02T02:19:43Z,PullRequestEvent,opened,ccronje,data-lessons/library-shell
4091745999,2016-06-02T02:00:29Z,PushEvent,,weaverbel,data-lessons/library-shell
4091745982,2016-06-02T02:00:27Z,PullRequestEvent,closed,weaverbel,data-lessons/library-shell
4091726109,2016-06-02T01:52:11Z,PullRequestEvent,opened,ccronje,data-lessons/library-shell
4091693032,2016-06-02T01:37:26Z,ForkEvent,,ccronje,data-lessons/library-shell
4091687342,2016-06-02T01:34:58Z,ForkEvent,,ccronje,data-lessons/library-shell
4091579803,2016-06-02T00:51:11Z,PullRequestEvent,closed,ccronje,data-lessons/library-shell
4100905460,2016-06-03T17:50:23Z,IssueCommentEvent,created,auremoser,OKScienceDE/Open_Science_101
4100575161,2016-06-03T16:34:56Z,WatchEvent,started,JJ,OKScienceDE/Open_Science_101
4100397862,2016-06-03T15:56:43Z,PushEvent,,iimog,OKScienceDE/Open_Science_101
4100374340,2016-06-03T15:51:56Z,PushEvent,,aleimba,OKScienceDE/Open_Science_101
4100133926,2016-06-03T15:05:22Z,MemberEvent,added,konrad,OKScienceDE/Open_Science_101
4100117144,2016-06-03T15:02:17Z,PushEvent,,aleimba,OKScienceDE/Open_Science_101
4100117124,2016-06-03T15:02:17Z,PullRequestEvent,closed,aleimba,OKScienceDE/Open_Science_101
4100116731,2016-06-03T15:02:13Z,IssueCommentEvent,created,aleimba,OKScienceDE/Open_Science_101
4100073076,2016-06-03T14:54:21Z,PushEvent,,konrad,OKScienceDE/Open_Science_101
4100072966,2016-06-03T14:54:20Z,PullRequestEvent,closed,konrad,OKScienceDE/Open_Science_101
4100070898,2016-06-03T14:53:58Z,IssuesEvent,opened,marioa,OKScienceDE/Open_Science_101
4100056413,2016-06-03T14:51:13Z,MemberEvent,added,konrad,OKScienceDE/Open_Science_101
4100021261,2016-06-03T14:44:45Z,PullRequestEvent,opened,marioa,OKScienceDE/Open_Science_101
4099983723,2016-06-03T14:37:56Z,WatchEvent,started,RaoOfPhysics,OKScienceDE/Open_Science_101
4099968642,2016-06-03T14:35:04Z,PullRequestEvent,opened,iimog,OKScienceDE/Open_Science_101
4099937275,2016-06-03T14:29:14Z,IssuesEvent,closed,konrad,OKScienceDE/Open_Science_101
4099918877,2016-06-03T14:25:44Z,IssuesEvent,closed,konrad,OKScienceDE/Open_Science_101
4099918861,2016-06-03T14:25:43Z,IssueCommentEvent,created,konrad,OKScienceDE/Open_Science_101
4099912092,2016-06-03T14:24:26Z,IssuesEvent,closed,konrad,OKScienceDE/Open_Science_101
4099912078,2016-06-03T14:24:26Z,IssueCommentEvent,created,konrad,OKScienceDE/Open_Science_101
4099882737,2016-06-03T14:18:45Z,GollumEvent,,konrad,OKScienceDE/Open_Science_101
4099870299,2016-06-03T14:16:23Z,PushEvent,,aleimba,OKScienceDE/Open_Science_101
4099870287,2016-06-03T14:16:23Z,PullRequestEvent,closed,aleimba,OKScienceDE/Open_Science_101
4099869866,2016-06-03T14:16:18Z,IssueCommentEvent,created,aleimba,OKScienceDE/Open_Science_101
4099837801,2016-06-03T14:10:06Z,PullRequestEvent,opened,iimog,OKScienceDE/Open_Science_101
4099810934,2016-06-03T14:04:51Z,IssueCommentEvent,created,ctb,OKScienceDE/Open_Science_101
4099587437,2016-06-03T13:17:40Z,IssuesEvent,opened,brucellino,AAROC/CODE-RADE
4099828285,2016-06-03T14:08:17Z,PullRequestEvent,opened,ontogenerator,jcolomb/CeTrAn
4094996496,2016-06-02T16:10:25Z,PushEvent,,jcolomb,jcolomb/CeTrAn
4094296714,2016-06-02T14:12:42Z,IssuesEvent,opened,jcolomb,jcolomb/CeTrAn
4092736234,2016-06-02T08:24:10Z,ForkEvent,,ontogenerator,jcolomb/CeTrAn
4100547570,2016-06-03T16:28:58Z,PushEvent,,cube5,DIYbiosphere/sphere.dir
4100540270,2016-06-03T16:27:23Z,PushEvent,,cube5,DIYbiosphere/sphere.dir
4100475096,2016-06-03T16:13:29Z,IssuesEvent,closed,sabgaby,DIYbiosphere/sphere.dir
4100475093,2016-06-03T16:13:29Z,IssueCommentEvent,created,sabgaby,DIYbiosphere/sphere.dir
4100447272,2016-06-03T16:07:07Z,IssuesEvent,opened,sabgaby,DIYbiosphere/sphere.dir
4099949247,2016-06-03T14:31:25Z,IssueCommentEvent,created,RaoOfPhysics,DIYbiosphere/sphere.dir
4099877696,2016-06-03T14:17:49Z,IssuesEvent,opened,sabgaby,DIYbiosphere/sphere.dir
4099869930,2016-06-03T14:16:19Z,IssuesEvent,closed,sabgaby,DIYbiosphere/sphere.dir
4099868596,2016-06-03T14:16:05Z,IssueCommentEvent,created,sabgaby,DIYbiosphere/sphere.dir
4094835446,2016-06-02T15:43:40Z,PushEvent,,JarrenceMelie,xpansa/sciai
4094833012,2016-06-02T15:43:16Z,PushEvent,,JarrenceMelie,xpansa/sciai
4090335586,2016-06-01T19:35:59Z,PushEvent,,RomanGurinovich,xpansa/sciai
4090278712,2016-06-01T19:23:54Z,PushEvent,,RomanGurinovich,xpansa/sciai
4101452218,2016-06-03T19:53:19Z,WatchEvent,started,cube5,codeforscience/sciencefair
4100918450,2016-06-03T17:53:22Z,IssueCommentEvent,created,auremoser,codeforscience/sciencefair
4098854084,2016-06-03T10:03:36Z,IssueCommentEvent,created,blahah,codeforscience/sciencefair
4098273297,2016-06-03T07:35:02Z,IssueCommentEvent,created,auremoser,codeforscience/sciencefair
4098134463,2016-06-03T06:50:23Z,IssueCommentEvent,created,blahah,codeforscience/sciencefair
4097927351,2016-06-03T05:22:52Z,IssuesEvent,closed,blahah,codeforscience/sciencefair
4097927349,2016-06-03T05:22:52Z,IssueCommentEvent,created,blahah,codeforscience/sciencefair
4096781156,2016-06-02T22:06:50Z,IssueCommentEvent,created,mafintosh,codeforscience/sciencefair
4096231876,2016-06-02T20:12:26Z,WatchEvent,started,shaief,codeforscience/sciencefair
4095689885,2016-06-02T18:24:01Z,CreateEvent,,auremoser,codeforscience/sciencefair
4095687767,2016-06-02T18:23:38Z,MemberEvent,added,blahah,codeforscience/sciencefair
4095653611,2016-06-02T18:17:02Z,IssueCommentEvent,created,auremoser,codeforscience/sciencefair
4095595627,2016-06-02T18:05:50Z,ForkEvent,,auremoser,codeforscience/sciencefair
4095270320,2016-06-02T17:02:34Z,IssueCommentEvent,created,blahah,codeforscience/sciencefair
4095255524,2016-06-02T16:59:45Z,IssueCommentEvent,created,blahah,codeforscience/sciencefair
4095228867,2016-06-02T16:54:38Z,PushEvent,,blahah,codeforscience/sciencefair
4095228849,2016-06-02T16:54:38Z,PullRequestEvent,closed,blahah,codeforscience/sciencefair
4095221743,2016-06-02T16:53:16Z,IssueCommentEvent,created,blahah,codeforscience/sciencefair
4095162754,2016-06-02T16:41:52Z,PushEvent,,blahah,codeforscience/sciencefair
4095162722,2016-06-02T16:41:52Z,PullRequestEvent,closed,blahah,codeforscience/sciencefair
4095157707,2016-06-02T16:40:53Z,IssueCommentEvent,created,blahah,codeforscience/sciencefair
4094963197,2016-06-02T16:04:40Z,PullRequestEvent,opened,npch,codeforscience/sciencefair
4094898756,2016-06-02T15:54:02Z,PushEvent,,blahah,codeforscience/sciencefair
4094591704,2016-06-02T15:02:25Z,PullRequestEvent,opened,40thieves,codeforscience/sciencefair
4094398967,2016-06-02T14:30:13Z,PullRequestEvent,opened,meis,codeforscience/sciencefair
4094256188,2016-06-02T14:05:35Z,ForkEvent,,40thieves,codeforscience/sciencefair
4094118725,2016-06-02T13:41:03Z,ForkEvent,,npch,codeforscience/sciencefair
4093768569,2016-06-02T12:30:09Z,PushEvent,,blahah,codeforscience/sciencefair
4093768554,2016-06-02T12:30:08Z,PullRequestEvent,closed,blahah,codeforscience/sciencefair
4101472659,2016-06-03T19:58:16Z,PushEvent,,joeyklee,joeyklee/bec-explorer
4101469010,2016-06-03T19:57:21Z,PushEvent,,joeyklee,joeyklee/bec-explorer
4101450225,2016-06-03T19:52:49Z,PushEvent,,joeyklee,joeyklee/bec-explorer
4101216973,2016-06-03T18:58:19Z,IssueCommentEvent,created,dbild,joeyklee/bec-explorer
4101067533,2016-06-03T18:25:37Z,PushEvent,,joeyklee,joeyklee/bec-explorer
4100949246,2016-06-03T18:00:00Z,PushEvent,,joeyklee,joeyklee/bec-explorer
4100946692,2016-06-03T17:59:24Z,PushEvent,,joeyklee,joeyklee/bec-explorer
4100723258,2016-06-03T17:08:38Z,ForkEvent,,cmahony,joeyklee/bec-explorer
4100628397,2016-06-03T16:46:57Z,PushEvent,,joeyklee,joeyklee/bec-explorer
4100620422,2016-06-03T16:45:07Z,PushEvent,,joeyklee,joeyklee/bec-explorer
4100233491,2016-06-03T15:24:06Z,PushEvent,,joeyklee,joeyklee/bec-explorer
4100217923,2016-06-03T15:21:01Z,IssuesEvent,opened,dbild,joeyklee/bec-explorer
4100074759,2016-06-03T14:54:40Z,WatchEvent,started,Deborah-Digges,joeyklee/bec-explorer
4100065247,2016-06-03T14:52:54Z,IssueCommentEvent,created,DiannaB42,joeyklee/bec-explorer
4098061315,2016-06-03T06:22:15Z,IssueCommentEvent,created,cmahony,joeyklee/bec-explorer
4097882709,2016-06-03T05:00:12Z,IssueCommentEvent,created,joeyklee,joeyklee/bec-explorer
4097873593,2016-06-03T04:55:21Z,PushEvent,,joeyklee,joeyklee/bec-explorer
4097378760,2016-06-03T01:11:34Z,IssueCommentEvent,created,joeyklee,joeyklee/bec-explorer
4100728579,2016-06-03T17:09:52Z,IssuesEvent,opened,schae234,schae234/LocusPocus
4100669861,2016-06-03T16:56:14Z,IssueCommentEvent,created,schae234,schae234/LocusPocus
4100668758,2016-06-03T16:55:58Z,PushEvent,,schae234,schae234/LocusPocus
4100668748,2016-06-03T16:55:58Z,PullRequestEvent,closed,schae234,schae234/LocusPocus
4100655082,2016-06-03T16:53:02Z,IssuesEvent,closed,bhillmann,schae234/LocusPocus
4100655075,2016-06-03T16:53:02Z,IssueCommentEvent,created,bhillmann,schae234/LocusPocus
4100635796,2016-06-03T16:48:36Z,WatchEvent,started,bhillmann,schae234/LocusPocus
4100633796,2016-06-03T16:48:08Z,PushEvent,,schae234,schae234/LocusPocus
4100621665,2016-06-03T16:45:23Z,PushEvent,,schae234,schae234/LocusPocus
4100619108,2016-06-03T16:44:48Z,PullRequestEvent,opened,bhillmann,schae234/LocusPocus
4100575029,2016-06-03T16:34:54Z,PushEvent,,schae234,schae234/LocusPocus
4100567193,2016-06-03T16:33:15Z,IssuesEvent,opened,bhillmann,schae234/LocusPocus
4100552913,2016-06-03T16:30:07Z,ForkEvent,,bhillmann,schae234/LocusPocus
4100421391,2016-06-03T16:01:21Z,PushEvent,,schae234,schae234/LocusPocus
4100262432,2016-06-03T15:29:42Z,PushEvent,,schae234,schae234/LocusPocus
4098708670,2016-06-03T09:29:50Z,ForkEvent,,cmassimo,schae234/LocusPocus
4097048571,2016-06-02T23:18:03Z,WatchEvent,started,kdmurray91,schae234/LocusPocus
4096784545,2016-06-02T22:07:40Z,PushEvent,,schae234,schae234/LocusPocus
4096726115,2016-06-02T21:53:58Z,PushEvent,,schae234,schae234/LocusPocus
4096624503,2016-06-02T21:31:36Z,PushEvent,,schae234,schae234/LocusPocus
4096517676,2016-06-02T21:09:00Z,PushEvent,,schae234,schae234/LocusPocus
4100077396,2016-06-03T14:55:10Z,PullRequestEvent,opened,ajspadial,Akronix/birding
4100041485,2016-06-03T14:48:30Z,IssuesEvent,opened,ajspadial,Akronix/birding
4100020910,2016-06-03T14:44:41Z,IssuesEvent,opened,ajspadial,Akronix/birding
4100009452,2016-06-03T14:42:35Z,IssuesEvent,opened,ajspadial,Akronix/birding
4100003051,2016-06-03T14:41:26Z,IssuesEvent,opened,ajspadial,Akronix/birding
4099994407,2016-06-03T14:39:53Z,IssuesEvent,opened,ajspadial,Akronix/birding
4099979248,2016-06-03T14:37:04Z,IssuesEvent,opened,ajspadial,Akronix/birding
4099969609,2016-06-03T14:35:15Z,IssuesEvent,opened,ajspadial,Akronix/birding
4099965758,2016-06-03T14:34:30Z,IssuesEvent,opened,ajspadial,Akronix/birding
4099905370,2016-06-03T14:23:05Z,IssuesEvent,opened,ajspadial,Akronix/birding
4099867896,2016-06-03T14:15:56Z,IssuesEvent,opened,ajspadial,Akronix/birding
4099784206,2016-06-03T13:59:31Z,ForkEvent,,ajspadial,Akronix/birding
4099783057,2016-06-03T13:59:17Z,WatchEvent,started,ajspadial,Akronix/birding
4091003318,2016-06-01T21:55:29Z,WatchEvent,started,PedroLander,Akronix/birding
4090963581,2016-06-01T21:46:32Z,PushEvent,,Akronix,Akronix/birding
4090743076,2016-06-01T20:59:42Z,PushEvent,,Akronix,Akronix/birding
4090339000,2016-06-01T19:36:42Z,ForkEvent,,gitter-badger,Akronix/birding
4099438077,2016-06-03T12:42:56Z,PushEvent,,spMohanty,crowdAI/Knowledge-Base
4099412599,2016-06-03T12:36:26Z,PushEvent,,spMohanty,crowdAI/Knowledge-Base
4099388824,2016-06-03T12:30:14Z,PushEvent,,spMohanty,crowdAI/Knowledge-Base
4099373827,2016-06-03T12:26:13Z,PushEvent,,spMohanty,crowdAI/Knowledge-Base
4099373772,2016-06-03T12:26:13Z,PullRequestEvent,closed,spMohanty,crowdAI/Knowledge-Base
4095476144,2016-06-02T17:42:49Z,PullRequestEvent,opened,vijayshankarv,crowdAI/Knowledge-Base
4094841295,2016-06-02T15:44:42Z,WatchEvent,started,vijayshankarv,crowdAI/Knowledge-Base
4094837621,2016-06-02T15:44:03Z,WatchEvent,started,vijayshankarv,crowdAI/Knowledge-Base
4094353381,2016-06-02T14:22:28Z,ForkEvent,,vijayshankarv,crowdAI/Knowledge-Base
4093908199,2016-06-02T13:00:25Z,IssuesEvent,opened,betatim,crowdAI/Knowledge-Base
4093798157,2016-06-02T12:36:58Z,ForkEvent,,mickypaganini,crowdAI/Knowledge-Base
4093794648,2016-06-02T12:36:08Z,PushEvent,,marcelsalathe,crowdAI/Knowledge-Base
4092538791,2016-06-02T07:34:41Z,WatchEvent,started,mickypaganini,crowdAI/Knowledge-Base
4100999485,2016-06-03T18:10:52Z,MemberEvent,added,bmkramer,bmkramer/101innovations-survey-data
4100873350,2016-06-03T17:43:10Z,IssueCommentEvent,created,RMHogervorst,bmkramer/101innovations-survey-data
4099765675,2016-06-03T13:55:50Z,IssueCommentEvent,created,RMHogervorst,bmkramer/101innovations-survey-data
4099761711,2016-06-03T13:55:01Z,PushEvent,,RMHogervorst,bmkramer/101innovations-survey-data
4098602271,2016-06-03T09:04:43Z,MemberEvent,added,bmkramer,bmkramer/101innovations-survey-data
4098472439,2016-06-03T08:31:58Z,IssueCommentEvent,created,RMHogervorst,bmkramer/101innovations-survey-data
4098467643,2016-06-03T08:30:43Z,IssueCommentEvent,created,RMHogervorst,bmkramer/101innovations-survey-data
4098412468,2016-06-03T08:16:24Z,IssueCommentEvent,created,bmkramer,bmkramer/101innovations-survey-data
4098405290,2016-06-03T08:14:35Z,PushEvent,,bmkramer,bmkramer/101innovations-survey-data
4098212552,2016-06-03T07:16:43Z,MemberEvent,added,bmkramer,bmkramer/101innovations-survey-data
4098180928,2016-06-03T07:06:27Z,PushEvent,,bmkramer,bmkramer/101innovations-survey-data
4098178326,2016-06-03T07:05:34Z,PushEvent,,bmkramer,bmkramer/101innovations-survey-data
4094916478,2016-06-02T15:56:57Z,ForkEvent,,sina-sed,bmkramer/101innovations-survey-data
4093750400,2016-06-02T12:25:51Z,IssuesEvent,opened,bmkramer,bmkramer/101innovations-survey-data
4093350624,2016-06-02T10:44:39Z,IssuesEvent,opened,bmkramer,bmkramer/101innovations-survey-data
4093347857,2016-06-02T10:43:55Z,PushEvent,,chrisvanrun,bmkramer/101innovations-survey-data
4093300196,2016-06-02T10:32:11Z,IssuesEvent,opened,bmkramer,bmkramer/101innovations-survey-data
4093285348,2016-06-02T10:28:31Z,IssuesEvent,opened,bmkramer,bmkramer/101innovations-survey-data
4093245910,2016-06-02T10:19:12Z,IssuesEvent,opened,bmkramer,bmkramer/101innovations-survey-data
4093222360,2016-06-02T10:13:47Z,IssuesEvent,opened,bmkramer,bmkramer/101innovations-survey-data
4093166221,2016-06-02T10:01:09Z,IssuesEvent,opened,bmkramer,bmkramer/101innovations-survey-data
4093143125,2016-06-02T09:56:16Z,IssuesEvent,opened,bmkramer,bmkramer/101innovations-survey-data
4093131728,2016-06-02T09:53:43Z,IssuesEvent,opened,bmkramer,bmkramer/101innovations-survey-data
4093044393,2016-06-02T09:34:45Z,CreateEvent,,chrisvanrun,bmkramer/101innovations-survey-data
4093031525,2016-06-02T09:32:06Z,IssuesEvent,opened,bmkramer,bmkramer/101innovations-survey-data
4092877076,2016-06-02T08:57:20Z,MemberEvent,added,bmkramer,bmkramer/101innovations-survey-data
4092870418,2016-06-02T08:55:49Z,MemberEvent,added,bmkramer,bmkramer/101innovations-survey-data
4096967419,2016-06-02T22:55:11Z,IssuesEvent,closed,kdaily,kdaily/shinyPathway
4096967418,2016-06-02T22:55:11Z,IssueCommentEvent,created,kdaily,kdaily/shinyPathway
4096964789,2016-06-02T22:54:27Z,PushEvent,,kdaily,kdaily/shinyPathway
4096964730,2016-06-02T22:54:27Z,PullRequestEvent,closed,kdaily,kdaily/shinyPathway
4096930917,2016-06-02T22:45:09Z,PushEvent,,kdaily,kdaily/shinyPathway
4096872275,2016-06-02T22:29:47Z,PullRequestEvent,opened,kdaily,kdaily/shinyPathway
4096868343,2016-06-02T22:28:48Z,CreateEvent,,kdaily,kdaily/shinyPathway
4096778575,2016-06-02T22:06:13Z,IssueCommentEvent,created,kdaily,kdaily/shinyPathway
4096769222,2016-06-02T22:03:57Z,DeleteEvent,,kdaily,kdaily/shinyPathway
4096769104,2016-06-02T22:03:55Z,PushEvent,,kdaily,kdaily/shinyPathway
4096769021,2016-06-02T22:03:54Z,PullRequestEvent,closed,kdaily,kdaily/shinyPathway
4096743264,2016-06-02T21:58:01Z,PullRequestEvent,opened,kdaily,kdaily/shinyPathway
4101323293,2016-06-03T19:22:54Z,WatchEvent,started,Monsauce,cbahlai/lampyrid
4095594865,2016-06-02T18:05:40Z,PullRequestEvent,opened,Monsauce,cbahlai/lampyrid
4095499268,2016-06-02T17:47:25Z,IssueCommentEvent,created,saraherm,cbahlai/lampyrid
4095345003,2016-06-02T17:17:24Z,PushEvent,,saraherm,cbahlai/lampyrid
4095283711,2016-06-02T17:05:15Z,IssuesEvent,closed,saraherm,cbahlai/lampyrid
4095283158,2016-06-02T17:05:09Z,IssueCommentEvent,created,saraherm,cbahlai/lampyrid
4095279537,2016-06-02T17:04:24Z,PushEvent,,saraherm,cbahlai/lampyrid
4095277666,2016-06-02T17:04:02Z,PushEvent,,saraherm,cbahlai/lampyrid
4095267691,2016-06-02T17:02:05Z,PushEvent,,saraherm,cbahlai/lampyrid
4094426726,2016-06-02T14:34:54Z,ForkEvent,,Monsauce,cbahlai/lampyrid
4094438325,2016-06-02T14:36:54Z,IssueCommentEvent,created,onyb,zjsteyn/ruralcomputing
4092501462,2016-06-02T07:23:38Z,IssueCommentEvent,created,droogich,zjsteyn/ruralcomputing
4092488705,2016-06-02T07:19:43Z,IssueCommentEvent,created,zjsteyn,zjsteyn/ruralcomputing
4099905867,2016-06-03T14:23:11Z,DeleteEvent,,andrenarchy,paperhive/paperhive-frontend
4099905859,2016-06-03T14:23:10Z,PushEvent,,andrenarchy,paperhive/paperhive-frontend
4099905722,2016-06-03T14:23:09Z,PullRequestEvent,closed,andrenarchy,paperhive/paperhive-frontend
4098129628,2016-06-03T06:48:42Z,PullRequestEvent,opened,andrenarchy,paperhive/paperhive-frontend
4098127955,2016-06-03T06:48:08Z,CreateEvent,,andrenarchy,paperhive/paperhive-frontend
4096736991,2016-06-02T21:56:31Z,PushEvent,,jengeb,paperhive/paperhive-frontend
4096495521,2016-06-02T21:04:34Z,PushEvent,,jengeb,paperhive/paperhive-frontend
4096451580,2016-06-02T20:55:56Z,PushEvent,,jengeb,paperhive/paperhive-frontend
4095340973,2016-06-02T17:16:37Z,PushEvent,,jengeb,paperhive/paperhive-frontend
4095014565,2016-06-02T16:13:39Z,PushEvent,,jengeb,paperhive/paperhive-frontend
4094470229,2016-06-02T14:42:17Z,PushEvent,,jengeb,paperhive/paperhive-frontend
4091177994,2016-06-01T22:38:54Z,PullRequestEvent,opened,jengeb,paperhive/paperhive-frontend
4091167464,2016-06-01T22:35:57Z,PushEvent,,jengeb,paperhive/paperhive-frontend
4091075017,2016-06-01T22:12:06Z,PushEvent,,jengeb,paperhive/paperhive-frontend
4091045363,2016-06-01T22:04:45Z,PushEvent,,jengeb,paperhive/paperhive-frontend
4094463574,2016-06-02T14:41:07Z,PushEvent,,jengeb,paperhive/paperhive-frontend-static
4100307978,2016-06-03T15:38:51Z,IssueCommentEvent,created,ajspadial,cafervero/moderforest
4100301751,2016-06-03T15:37:27Z,IssuesEvent,reopened,ajspadial,cafervero/moderforest
4100301047,2016-06-03T15:37:16Z,IssuesEvent,closed,ajspadial,cafervero/moderforest
4100281148,2016-06-03T15:33:20Z,IssuesEvent,opened,ajspadial,cafervero/moderforest
4095406517,2016-06-02T17:29:20Z,PushEvent,,cafervero,cafervero/moderforest
4095394477,2016-06-02T17:26:59Z,PushEvent,,cafervero,cafervero/moderforest
4095388542,2016-06-02T17:25:50Z,PushEvent,,cafervero,cafervero/moderforest
4095254934,2016-06-02T16:59:38Z,PushEvent,,teanocrata,cafervero/moderforest
4095254921,2016-06-02T16:59:38Z,IssuesEvent,closed,teanocrata,cafervero/moderforest
4095231644,2016-06-02T16:55:10Z,PushEvent,,ajspadial,cafervero/moderforest
4095162938,2016-06-02T16:41:55Z,PushEvent,,ajspadial,cafervero/moderforest
4095162919,2016-06-02T16:41:55Z,PullRequestEvent,closed,ajspadial,cafervero/moderforest
4095151797,2016-06-02T16:39:45Z,PushEvent,,ajspadial,cafervero/moderforest
4095128226,2016-06-02T16:35:12Z,PullRequestEvent,opened,gitter-badger,cafervero/moderforest
4095128066,2016-06-02T16:35:11Z,ForkEvent,,gitter-badger,cafervero/moderforest
4095034158,2016-06-02T16:17:05Z,IssuesEvent,closed,ajspadial,cafervero/moderforest
4095022771,2016-06-02T16:15:00Z,MemberEvent,added,cafervero,cafervero/moderforest
4095017403,2016-06-02T16:14:08Z,IssueCommentEvent,created,ajspadial,cafervero/moderforest
4095003807,2016-06-02T16:11:41Z,PushEvent,,ajspadial,cafervero/moderforest
4094998143,2016-06-02T16:10:43Z,PushEvent,,cafervero,cafervero/moderforest
4094992636,2016-06-02T16:09:44Z,PushEvent,,cafervero,cafervero/moderforest
4094818651,2016-06-02T15:40:47Z,PushEvent,,cafervero,cafervero/moderforest
4094659778,2016-06-02T15:13:51Z,IssuesEvent,opened,teanocrata,cafervero/moderforest
4094641232,2016-06-02T15:10:42Z,IssuesEvent,opened,teanocrata,cafervero/moderforest
4094605998,2016-06-02T15:04:49Z,IssuesEvent,opened,ajspadial,cafervero/moderforest
4094594951,2016-06-02T15:02:58Z,IssuesEvent,opened,teanocrata,cafervero/moderforest
4094554869,2016-06-02T14:56:28Z,PushEvent,,cafervero,cafervero/moderforest
4094519307,2016-06-02T14:50:34Z,MemberEvent,added,cafervero,cafervero/moderforest
4094466728,2016-06-02T14:41:39Z,IssueCommentEvent,created,ajspadial,cafervero/moderforest
4094308265,2016-06-02T14:14:39Z,IssueCommentEvent,created,careysensci,SASUSA/SunRisksStatsViz
4091760298,2016-06-02T02:06:47Z,IssuesEvent,opened,anugraha1,SASUSA/SunRisksStatsViz
4097028539,2016-06-02T23:12:13Z,PushEvent,,KirstieJane,KirstieJane/clubs-events
4097023656,2016-06-02T23:10:44Z,PushEvent,,KirstieJane,KirstieJane/clubs-events
4097023648,2016-06-02T23:10:44Z,PullRequestEvent,closed,KirstieJane,KirstieJane/clubs-events
4096981114,2016-06-02T22:58:50Z,PullRequestEvent,opened,deniederhut,KirstieJane/clubs-events
4096111560,2016-06-02T19:48:07Z,PushEvent,,KirstieJane,KirstieJane/clubs-events
4096082947,2016-06-02T19:42:16Z,IssueCommentEvent,created,KirstieJane,KirstieJane/clubs-events
4096081565,2016-06-02T19:42:02Z,PushEvent,,KirstieJane,KirstieJane/clubs-events
4096081484,2016-06-02T19:42:01Z,PullRequestEvent,closed,KirstieJane,KirstieJane/clubs-events
4096046886,2016-06-02T19:34:55Z,PullRequestEvent,opened,deniederhut,KirstieJane/clubs-events
4095538812,2016-06-02T17:54:52Z,PushEvent,,KirstieJane,KirstieJane/clubs-events
4095509112,2016-06-02T17:49:16Z,PushEvent,,KirstieJane,KirstieJane/clubs-events
4095491471,2016-06-02T17:45:53Z,PushEvent,,KirstieJane,KirstieJane/clubs-events
4095395828,2016-06-02T17:27:16Z,ForkEvent,,deniederhut,KirstieJane/clubs-events
4095956630,2016-06-02T19:16:41Z,IssuesEvent,opened,dbild,aliburchard/ProjectBuilderDocumentation
4095110192,2016-06-02T16:31:51Z,WatchEvent,started,dbild,aliburchard/ProjectBuilderDocumentation
4100859656,2016-06-03T17:39:54Z,IssueCommentEvent,created,drammock,josmas/badgr-client
4099713767,2016-06-03T13:45:23Z,PushEvent,,josmas,josmas/badgr-client
4099226696,2016-06-03T11:45:51Z,IssuesEvent,opened,josmas,josmas/badgr-client
4099179114,2016-06-03T11:32:07Z,PushEvent,,josmas,josmas/badgr-client
4099159514,2016-06-03T11:26:27Z,IssuesEvent,closed,josmas,josmas/badgr-client
4099159511,2016-06-03T11:26:27Z,IssueCommentEvent,created,josmas,josmas/badgr-client
4099156701,2016-06-03T11:25:38Z,PullRequestEvent,closed,josmas,josmas/badgr-client
4099156695,2016-06-03T11:25:38Z,IssueCommentEvent,created,josmas,josmas/badgr-client
4099141845,2016-06-03T11:21:14Z,PushEvent,,josmas,josmas/badgr-client
4100855136,2016-06-03T17:38:53Z,IssueCommentEvent,created,twhyntie,OpenCosmics/sapphire
4100011169,2016-06-03T14:42:54Z,IssueCommentEvent,created,153957,OpenCosmics/sapphire
4099837337,2016-06-03T14:10:00Z,IssuesEvent,opened,tpmccauley,OpenCosmics/sapphire
4099713657,2016-06-03T13:45:22Z,IssuesEvent,opened,twhyntie,OpenCosmics/sapphire
4093112886,2016-06-02T09:49:38Z,ForkEvent,,Tontonis,OpenCosmics/sapphire
4092882010,2016-06-02T08:58:24Z,WatchEvent,started,twhyntie,OpenCosmics/sapphire
4099806654,2016-06-03T14:04:00Z,IssueCommentEvent,created,tpmccauley,OpenCosmics/cosmic-jupyter
4099697799,2016-06-03T13:42:00Z,IssueCommentEvent,created,twhyntie,OpenCosmics/cosmic-jupyter
4099657953,2016-06-03T13:33:28Z,IssueCommentEvent,created,tpmccauley,OpenCosmics/cosmic-jupyter
4099360142,2016-06-03T12:22:30Z,IssuesEvent,opened,twhyntie,OpenCosmics/cosmic-jupyter
4098612070,2016-06-03T09:07:10Z,PushEvent,,tpmccauley,OpenCosmics/cosmic-jupyter
4093093336,2016-06-02T09:45:23Z,ForkEvent,,Tontonis,OpenCosmics/cosmic-jupyter